geneA,geneB,
ABL1,ADA,0
ABL1,AKT1,0
ABL1,ALK,0
ABL1,APC,0
ABL1,ARID1A,0
ABL1,ARID2,0
ABL1,ATM,0
ABL1,BCL2,0
ABL1,BRAF,0
ABL1,BRCA1,0
ABL1,BRCA2,0
ABL1,BRD4,0
ABL1,BTK,0
ABL1,CASP8,0
ABL1,CDH1,0
ABL1,CDK4,0
ABL1,CDK6,0
ABL1,CDK9,0
ABL1,CDKN1B,0
ABL1,CDKN2A,0
ABL1,CHEK1,0
ABL1,CHEK2,0
ABL1,DHFR,0
ABL1,EGFR,0
ABL1,ERBB2,0
ABL1,FGFR2,0
ABL1,FGFR3,0
ABL1,FLT3,0
ABL1,FNTA,0
ABL1,GATA3,0
ABL1,HDAC1,0
ABL1,HDAC2,0
ABL1,HDAC6,0
ABL1,HSP90AA1,0
ABL1,IGF1R,0
ABL1,JAK2,0
ABL1,KDM5C,0
ABL1,KDM6A,0
ABL1,KIT,0
ABL1,KMT2D,0
ABL1,MAP2K1,0
ABL1,MAP3K1,0
ABL1,MET,0
ABL1,MLH1,0
ABL1,MSH6,0
ABL1,MTOR,0
ABL1,NF1,0
ABL1,PARP1,0
ABL1,PBRM1,0
ABL1,PDGFRA,0
ABL1,PIK3CA,0
ABL1,PIK3R1,0
ABL1,PRKDC,0
ABL1,PTEN,0
ABL1,RB1,0
ABL1,ROR1,0
ABL1,RRM2,0
ABL1,RUNX1,0
ABL1,SETD2,0
ABL1,SMAD4,0
ABL1,SMARCA4,0
ABL1,SMARCB1,0
ABL1,SMO,0
ABL1,SRC,0
ABL1,TOP1,0
ABL1,TP53,0
ABL1,TSC1,0
ABL1,TYMS,0
ABL1,VEGFA,0
ABL1,VHL,0
ABL1,WEE1,0
ADA,AKT1,0
ADA,ALK,0
ADA,APC,0
ADA,ARID1A,0
ADA,ARID2,0
ADA,ATM,0
ADA,BCL2,0
ADA,BRAF,0
ADA,BRCA1,0
ADA,BRCA2,0
ADA,BRD4,0
ADA,BTK,0
ADA,CASP8,0
ADA,CDH1,0
ADA,CDK4,0
ADA,CDK6,0
ADA,CDK9,0
ADA,CDKN1B,0
ADA,CDKN2A,0
ADA,CHEK2,0
ADA,DHFR,0
ADA,EGFR,0
ADA,ERBB2,0
ADA,FGFR2,0
ADA,FGFR3,0
ADA,FLT3,0
ADA,FNTA,0
ADA,GATA3,0
ADA,HDAC1,0
ADA,HDAC2,0
ADA,HDAC6,0
ADA,HSP90AA1,0
ADA,IGF1R,0
ADA,JAK2,0
ADA,KDM5C,0
ADA,KDM6A,0
ADA,KIT,0
ADA,KMT2D,0
ADA,MAP2K1,0
ADA,MAP3K1,0
ADA,MET,0
ADA,MLH1,0
ADA,MSH6,0
ADA,MTOR,0
ADA,NF1,0
ADA,PARP1,0
ADA,PBRM1,0
ADA,PDGFRA,0
ADA,PIK3CA,0
ADA,PIK3R1,0
ADA,PRKDC,0
ADA,RB1,0
ADA,ROR1,0
ADA,RPS6KB1,0
ADA,RRM2,0
ADA,RUNX1,0
ADA,SETD2,0
ADA,SMAD4,0
ADA,SMARCA4,0
ADA,SMARCB1,0
ADA,SMO,0
ADA,SRC,0
ADA,TOP1,0
ADA,TP53,0
ADA,TSC1,0
ADA,TYMS,0
ADA,VEGFA,0
ADA,VHL,0
ADA,WEE1,0
AKT1,ALK,0
AKT1,APC,0
AKT1,ARID1A,0
AKT1,ARID2,0
AKT1,ATM,0
AKT1,BCL2,0
AKT1,BRAF,0
AKT1,BRCA1,0
AKT1,BRCA2,0
AKT1,BRD4,0
AKT1,BTK,0
AKT1,CASP8,0
AKT1,CDH1,0
AKT1,CDK4,0
AKT1,CDK6,0
AKT1,CDK9,0
AKT1,CDKN1B,0
AKT1,CDKN2A,0
AKT1,CHEK2,0
AKT1,DHFR,0
AKT1,EGFR,0
AKT1,ERBB2,0
AKT1,FGFR2,0
AKT1,FGFR3,0
AKT1,FLT3,0
AKT1,FNTA,0
AKT1,GATA3,0
AKT1,HDAC1,0
AKT1,HDAC2,0
AKT1,HDAC6,0
AKT1,HSP90AA1,0
AKT1,IGF1R,0
AKT1,JAK2,0
AKT1,KDM5C,0
AKT1,KDM6A,0
AKT1,KIT,0
AKT1,KMT2D,0
AKT1,MAP2K1,0
AKT1,MAP3K1,0
AKT1,MET,0
AKT1,MLH1,0
AKT1,MSH6,0
AKT1,MTOR,0
AKT1,NF1,0
AKT1,PARP1,0
AKT1,PBRM1,0
AKT1,PDGFRA,0
AKT1,PIK3CA,0
AKT1,PIK3R1,0
AKT1,PTEN,0
AKT1,RB1,0
AKT1,ROR1,0
AKT1,RPS6KB1,0
AKT1,RRM2,0
AKT1,RUNX1,0
AKT1,SETD2,0
AKT1,SMAD4,0
AKT1,SMARCA4,0
AKT1,SMARCB1,0
AKT1,SMO,0
AKT1,SRC,0
AKT1,TOP1,0
AKT1,TP53,0
AKT1,TSC1,0
AKT1,TYMS,0
AKT1,VEGFA,0
AKT1,VHL,0
AKT1,WEE1,0
ALK,APC,0
ALK,ARID1A,0
ALK,ARID2,0
ALK,ATM,0
ALK,BCL2,0
ALK,BRAF,0
ALK,BRCA1,0
ALK,BRCA2,0
ALK,BRD4,0
ALK,BTK,0
ALK,CASP8,0
ALK,CDH1,0
ALK,CDK4,0
ALK,CDK6,0
ALK,CDKN1B,0
ALK,CDKN2A,0
ALK,CHEK1,0
ALK,CHEK2,0
ALK,DHFR,0
ALK,EGFR,0
ALK,ERBB2,0
ALK,FGFR2,0
ALK,FGFR3,0
ALK,FLT3,0
ALK,FNTA,0
ALK,GATA3,0
ALK,HDAC1,0
ALK,HDAC2,0
ALK,HDAC6,0
ALK,HSP90AA1,0
ALK,IGF1R,0
ALK,JAK2,0
ALK,KDM5C,0
ALK,KDM6A,0
ALK,KIT,0
ALK,KMT2D,0
ALK,MAP2K1,0
ALK,MAP3K1,0
ALK,MET,0
ALK,MLH1,0
ALK,MSH6,0
ALK,MTOR,0
ALK,NF1,0
ALK,PARP1,0
ALK,PBRM1,0
ALK,PDGFRA,0
ALK,PIK3CA,0
ALK,PIK3R1,0
ALK,PRKDC,0
ALK,PTEN,0
ALK,RB1,0
ALK,ROR1,0
ALK,RPS6KB1,0
ALK,RRM2,0
ALK,RUNX1,0
ALK,SETD2,0
ALK,SMAD4,0
ALK,SMARCA4,0
ALK,SMARCB1,0
ALK,SMO,0
ALK,SRC,0
ALK,TOP1,0
ALK,TP53,0
ALK,TSC1,0
ALK,TYMS,0
ALK,VEGFA,0
ALK,VHL,0
ALK,WEE1,0
APC,ARID1A,0
APC,ARID2,0
APC,ATM,0
APC,BCL2,0
APC,BRAF,0
APC,BRCA1,0
APC,BRCA2,0
APC,BRD4,0
APC,BTK,0
APC,CASP8,0
APC,CDH1,0
APC,CDK4,0
APC,CDK6,0
APC,CDKN1B,0
APC,CDKN2A,0
APC,CHEK1,0
APC,CHEK2,0
APC,DHFR,0
APC,EGFR,0
APC,ERBB2,0
APC,FGFR2,0
APC,FGFR3,0
APC,FLT3,0
APC,FNTA,0
APC,GATA3,0
APC,HDAC1,0
APC,HDAC2,0
APC,HDAC6,0
APC,HSP90AA1,0
APC,IGF1R,0
APC,JAK2,0
APC,KDM5C,0
APC,KDM6A,0
APC,KIT,0
APC,KMT2D,0
APC,MAP2K1,0
APC,MAP3K1,0
APC,MET,0
APC,MLH1,0
APC,MSH6,0
APC,MTOR,0
APC,NF1,0
APC,PARP1,0
APC,PBRM1,0
APC,PDGFRA,0
APC,PIK3CA,0
APC,PIK3R1,0
APC,PRKDC,0
APC,PTEN,0
APC,RB1,0
APC,ROR1,0
APC,RPS6KB1,0
APC,RRM2,0
APC,RUNX1,0
APC,SETD2,0
APC,SMAD4,0
APC,SMARCA4,0
APC,SMO,0
APC,SRC,0
APC,TOP1,0
APC,TP53,0
APC,TSC1,0
APC,TYMS,0
APC,VEGFA,0
APC,WEE1,0
ARID1A,ARID2,0
ARID1A,ATM,0
ARID1A,BCL2,0
ARID1A,BRAF,0
ARID1A,BRCA1,0
ARID1A,BRCA2,0
ARID1A,BRD4,0
ARID1A,BTK,0
ARID1A,CASP8,0
ARID1A,CDH1,0
ARID1A,CDK4,0
ARID1A,CDK6,0
ARID1A,CDK9,0
ARID1A,CDKN1B,0
ARID1A,CDKN2A,0
ARID1A,CHEK2,0
ARID1A,DHFR,0
ARID1A,EGFR,0
ARID1A,ERBB2,0
ARID1A,FGFR2,0
ARID1A,FGFR3,0
ARID1A,FLT3,0
ARID1A,FNTA,0
ARID1A,GATA3,0
ARID1A,HDAC1,0
ARID1A,HDAC2,0
ARID1A,HDAC6,0
ARID1A,HSP90AA1,0
ARID1A,IGF1R,0
ARID1A,JAK2,0
ARID1A,KDM5C,0
ARID1A,KDM6A,0
ARID1A,KIT,0
ARID1A,KMT2D,0
ARID1A,MAP2K1,0
ARID1A,MAP3K1,0
ARID1A,MET,0
ARID1A,MLH1,0
ARID1A,MSH6,0
ARID1A,MTOR,0
ARID1A,NF1,0
ARID1A,PARP1,0
ARID1A,PBRM1,0
ARID1A,PDGFRA,0
ARID1A,PIK3CA,0
ARID1A,PIK3R1,0
ARID1A,PRKDC,0
ARID1A,PTEN,0
ARID1A,RB1,0
ARID1A,ROR1,0
ARID1A,RPS6KB1,0
ARID1A,RRM2,0
ARID1A,RUNX1,0
ARID1A,SETD2,0
ARID1A,SMAD4,0
ARID1A,SMARCA4,0
ARID1A,SMARCB1,0
ARID1A,SMO,0
ARID1A,SRC,0
ARID1A,TP53,0
ARID1A,TSC1,0
ARID1A,TYMS,0
ARID1A,VEGFA,0
ARID1A,WEE1,0
ARID2,ATM,0
ARID2,BCL2,0
ARID2,BRAF,0
ARID2,BRCA1,0
ARID2,BRCA2,0
ARID2,BRD4,0
ARID2,BTK,0
ARID2,CASP8,0
ARID2,CDH1,0
ARID2,CDK4,0
ARID2,CDK6,0
ARID2,CDK9,0
ARID2,CDKN1B,0
ARID2,CDKN2A,0
ARID2,CHEK1,0
ARID2,CHEK2,0
ARID2,DHFR,0
ARID2,EGFR,0
ARID2,ERBB2,0
ARID2,FGFR2,0
ARID2,FGFR3,0
ARID2,FLT3,0
ARID2,FNTA,0
ARID2,GATA3,0
ARID2,HDAC1,0
ARID2,HDAC2,0
ARID2,HDAC6,0
ARID2,HSP90AA1,0
ARID2,IGF1R,0
ARID2,JAK2,0
ARID2,KDM5C,0
ARID2,KDM6A,0
ARID2,KIT,0
ARID2,KMT2D,0
ARID2,MAP2K1,0
ARID2,MAP3K1,0
ARID2,MET,0
ARID2,MLH1,0
ARID2,MSH6,0
ARID2,MTOR,0
ARID2,NF1,0
ARID2,PARP1,0
ARID2,PBRM1,0
ARID2,PDGFRA,0
ARID2,PIK3CA,0
ARID2,PIK3R1,0
ARID2,PRKDC,0
ARID2,PTEN,0
ARID2,RB1,0
ARID2,ROR1,0
ARID2,RPS6KB1,0
ARID2,RUNX1,0
ARID2,SETD2,0
ARID2,SMAD4,0
ARID2,SMARCA4,0
ARID2,SMARCB1,0
ARID2,SMO,0
ARID2,SRC,0
ARID2,TOP1,0
ARID2,TP53,0
ARID2,TSC1,0
ARID2,TYMS,0
ARID2,VEGFA,0
ARID2,WEE1,0
ATM,BCL2,0
ATM,BRAF,0
ATM,BRCA1,0
ATM,BRCA2,0
ATM,BRD4,0
ATM,BTK,0
ATM,CASP8,0
ATM,CDH1,0
ATM,CDK4,0
ATM,CDK6,0
ATM,CDK9,0
ATM,CDKN1B,0
ATM,CDKN2A,0
ATM,CHEK2,0
ATM,DHFR,0
ATM,EGFR,0
ATM,ERBB2,0
ATM,FGFR2,0
ATM,FGFR3,0
ATM,FLT3,0
ATM,FNTA,0
ATM,GATA3,0
ATM,HDAC1,0
ATM,HDAC2,0
ATM,HDAC6,0
ATM,HSP90AA1,0
ATM,IGF1R,0
ATM,JAK2,0
ATM,KDM5C,0
ATM,KIT,0
ATM,KMT2D,0
ATM,MAP2K1,0
ATM,MAP3K1,0
ATM,MET,0
ATM,MLH1,0
ATM,MSH6,0
ATM,MTOR,0
ATM,NF1,0
ATM,PARP1,0
ATM,PBRM1,0
ATM,PDGFRA,0
ATM,PIK3CA,0
ATM,PIK3R1,0
ATM,PRKDC,0
ATM,PTEN,0
ATM,RB1,0
ATM,ROR1,0
ATM,RPS6KB1,0
ATM,RRM2,0
ATM,RUNX1,0
ATM,SMAD4,0
ATM,SMARCA4,0
ATM,SMARCB1,0
ATM,SRC,0
ATM,TOP1,0
ATM,TP53,0
ATM,TSC1,0
ATM,TYMS,0
ATM,VEGFA,0
ATM,WEE1,0
BCL2,BRAF,0
BCL2,BRCA1,0
BCL2,BRCA2,0
BCL2,BRD4,0
BCL2,BTK,0
BCL2,CASP8,0
BCL2,CDH1,0
BCL2,CDK6,0
BCL2,CDK9,0
BCL2,CDKN1B,0
BCL2,CDKN2A,0
BCL2,CHEK1,0
BCL2,CHEK2,0
BCL2,DHFR,0
BCL2,EGFR,0
BCL2,ERBB2,0
BCL2,FGFR2,0
BCL2,FGFR3,0
BCL2,FLT3,0
BCL2,FNTA,0
BCL2,GATA3,0
BCL2,HDAC1,0
BCL2,HDAC2,0
BCL2,HDAC6,0
BCL2,HSP90AA1,0
BCL2,IGF1R,0
BCL2,JAK2,0
BCL2,KDM5C,0
BCL2,KDM6A,0
BCL2,KIT,0
BCL2,KMT2D,0
BCL2,MAP2K1,0
BCL2,MAP3K1,0
BCL2,MET,0
BCL2,MLH1,0
BCL2,MSH6,0
BCL2,MTOR,0
BCL2,NF1,0
BCL2,PARP1,0
BCL2,PBRM1,0
BCL2,PDGFRA,0
BCL2,PIK3CA,0
BCL2,PIK3R1,0
BCL2,PRKDC,0
BCL2,PTEN,0
BCL2,RB1,0
BCL2,ROR1,0
BCL2,RPS6KB1,0
BCL2,RRM2,0
BCL2,RUNX1,0
BCL2,SETD2,0
BCL2,SMAD4,0
BCL2,SMARCA4,0
BCL2,SMARCB1,0
BCL2,SMO,0
BCL2,SRC,0
BCL2,TOP1,0
BCL2,TP53,0
BCL2,TSC1,0
BCL2,TYMS,0
BCL2,VEGFA,0
BCL2,VHL,0
BCL2,WEE1,0
BRAF,BRCA1,0
BRAF,BRD4,0
BRAF,BTK,0
BRAF,CASP8,0
BRAF,CDH1,0
BRAF,CDK4,0
BRAF,CDK6,0
BRAF,CDK9,0
BRAF,CDKN1B,0
BRAF,CDKN2A,0
BRAF,CHEK1,0
BRAF,CHEK2,0
BRAF,DHFR,0
BRAF,ERBB2,0
BRAF,FGFR3,0
BRAF,FLT3,0
BRAF,GATA3,0
BRAF,HDAC1,0
BRAF,HDAC6,0
BRAF,HSP90AA1,0
BRAF,IGF1R,0
BRAF,JAK2,0
BRAF,KDM5C,0
BRAF,KDM6A,0
BRAF,KIT,0
BRAF,KMT2D,0
BRAF,MAP2K1,0
BRAF,MAP3K1,0
BRAF,MET,0
BRAF,MLH1,0
BRAF,MSH6,0
BRAF,MTOR,0
BRAF,NF1,0
BRAF,PARP1,0
BRAF,PBRM1,0
BRAF,PDGFRA,0
BRAF,PIK3R1,0
BRAF,PRKDC,0
BRAF,RB1,0
BRAF,ROR1,0
BRAF,RPS6KB1,0
BRAF,RRM2,0
BRAF,RUNX1,0
BRAF,SETD2,0
BRAF,SMAD4,0
BRAF,SMARCA4,0
BRAF,SMARCB1,0
BRAF,SMO,0
BRAF,SRC,0
BRAF,TOP1,0
BRAF,TP53,0
BRAF,TSC1,0
BRAF,TYMS,0
BRAF,VEGFA,0
BRAF,WEE1,0
BRCA1,BRCA2,0
BRCA1,BTK,0
BRCA1,CASP8,0
BRCA1,CDK4,0
BRCA1,CDK6,0
BRCA1,CDK9,0
BRCA1,CDKN1B,0
BRCA1,CDKN2A,0
BRCA1,CHEK2,0
BRCA1,DHFR,0
BRCA1,EGFR,0
BRCA1,ERBB2,0
BRCA1,FGFR2,0
BRCA1,FGFR3,0
BRCA1,GATA3,0
BRCA1,HDAC1,0
BRCA1,HDAC6,0
BRCA1,HSP90AA1,0
BRCA1,IGF1R,0
BRCA1,JAK2,0
BRCA1,KDM5C,0
BRCA1,KDM6A,0
BRCA1,KIT,0
BRCA1,KMT2D,0
BRCA1,MAP2K1,0
BRCA1,MAP3K1,0
BRCA1,MET,0
BRCA1,MLH1,0
BRCA1,MSH6,0
BRCA1,MTOR,0
BRCA1,NF1,0
BRCA1,PBRM1,0
BRCA1,PIK3CA,0
BRCA1,PIK3R1,0
BRCA1,PRKDC,0
BRCA1,PTEN,0
BRCA1,ROR1,0
BRCA1,RPS6KB1,0
BRCA1,RRM2,0
BRCA1,SETD2,0
BRCA1,SMAD4,0
BRCA1,SMARCA4,0
BRCA1,SMARCB1,0
BRCA1,SMO,0
BRCA1,SRC,0
BRCA1,TP53,0
BRCA1,TSC1,0
BRCA1,TYMS,0
BRCA1,VHL,0
BRCA2,BRD4,0
BRCA2,BTK,0
BRCA2,CASP8,0
BRCA2,CDH1,0
BRCA2,CDK4,0
BRCA2,CDK6,0
BRCA2,CDKN1B,0
BRCA2,CDKN2A,0
BRCA2,CHEK1,0
BRCA2,CHEK2,0
BRCA2,DHFR,0
BRCA2,EGFR,0
BRCA2,ERBB2,0
BRCA2,FGFR2,0
BRCA2,FGFR3,0
BRCA2,FLT3,0
BRCA2,FNTA,0
BRCA2,GATA3,0
BRCA2,HDAC1,0
BRCA2,HDAC2,0
BRCA2,HSP90AA1,0
BRCA2,IGF1R,0
BRCA2,JAK2,0
BRCA2,KDM6A,0
BRCA2,KIT,0
BRCA2,KMT2D,0
BRCA2,MAP2K1,0
BRCA2,MAP3K1,0
BRCA2,MET,0
BRCA2,MLH1,0
BRCA2,MSH6,0
BRCA2,MTOR,0
BRCA2,NF1,0
BRCA2,PARP1,0
BRCA2,PBRM1,0
BRCA2,PDGFRA,0
BRCA2,PIK3CA,0
BRCA2,PIK3R1,0
BRCA2,PRKDC,0
BRCA2,PTEN,0
BRCA2,RB1,0
BRCA2,ROR1,0
BRCA2,RPS6KB1,0
BRCA2,RRM2,0
BRCA2,RUNX1,0
BRCA2,SETD2,0
BRCA2,SMAD4,0
BRCA2,SMARCA4,0
BRCA2,SMO,0
BRCA2,SRC,0
BRCA2,TOP1,0
BRCA2,TP53,0
BRCA2,TSC1,0
BRCA2,TYMS,0
BRCA2,VEGFA,0
BRCA2,VHL,0
BRCA2,WEE1,0
BRD4,BTK,0
BRD4,CASP8,0
BRD4,CDH1,0
BRD4,CDK4,0
BRD4,CDK6,0
BRD4,CDK9,0
BRD4,CDKN1B,0
BRD4,CDKN2A,0
BRD4,CHEK1,0
BRD4,CHEK2,0
BRD4,EGFR,0
BRD4,ERBB2,0
BRD4,FGFR2,0
BRD4,FLT3,0
BRD4,FNTA,0
BRD4,GATA3,0
BRD4,HDAC1,0
BRD4,HDAC2,0
BRD4,HDAC6,0
BRD4,HSP90AA1,0
BRD4,IGF1R,0
BRD4,JAK2,0
BRD4,KDM6A,0
BRD4,KIT,0
BRD4,KMT2D,0
BRD4,MAP3K1,0
BRD4,MET,0
BRD4,MLH1,0
BRD4,MSH6,0
BRD4,MTOR,0
BRD4,NF1,0
BRD4,PARP1,0
BRD4,PBRM1,0
BRD4,PDGFRA,0
BRD4,PIK3CA,0
BRD4,PIK3R1,0
BRD4,PRKDC,0
BRD4,ROR1,0
BRD4,RPS6KB1,0
BRD4,RRM2,0
BRD4,RUNX1,0
BRD4,SETD2,0
BRD4,SMAD4,0
BRD4,SMARCA4,0
BRD4,SMARCB1,0
BRD4,SMO,0
BRD4,SRC,0
BRD4,TOP1,0
BRD4,TP53,0
BRD4,TSC1,0
BRD4,TYMS,0
BRD4,VEGFA,0
BRD4,VHL,0
BRD4,WEE1,0
BTK,CASP8,0
BTK,CDH1,0
BTK,CDK4,0
BTK,CDK6,0
BTK,CDK9,0
BTK,CDKN1B,0
BTK,CDKN2A,0
BTK,CHEK1,0
BTK,CHEK2,0
BTK,DHFR,0
BTK,EGFR,0
BTK,ERBB2,0
BTK,FGFR2,0
BTK,FGFR3,0
BTK,FLT3,0
BTK,FNTA,0
BTK,GATA3,0
BTK,HDAC1,0
BTK,HDAC2,0
BTK,HDAC6,0
BTK,HSP90AA1,0
BTK,IGF1R,0
BTK,JAK2,0
BTK,KDM5C,0
BTK,KDM6A,0
BTK,KIT,0
BTK,KMT2D,0
BTK,MAP2K1,0
BTK,MAP3K1,0
BTK,MET,0
BTK,MLH1,0
BTK,MSH6,0
BTK,MTOR,0
BTK,NF1,0
BTK,PARP1,0
BTK,PBRM1,0
BTK,PDGFRA,0
BTK,PIK3CA,0
BTK,PIK3R1,0
BTK,PRKDC,0
BTK,PTEN,0
BTK,RB1,0
BTK,ROR1,0
BTK,RPS6KB1,0
BTK,RRM2,0
BTK,RUNX1,0
BTK,SETD2,0
BTK,SMAD4,0
BTK,SMARCA4,0
BTK,SMARCB1,0
BTK,SMO,0
BTK,SRC,0
BTK,TOP1,0
BTK,TP53,0
BTK,TSC1,0
BTK,TYMS,0
BTK,VEGFA,0
BTK,VHL,0
BTK,WEE1,0
CASP8,CDH1,0
CASP8,CDK4,0
CASP8,CDK6,0
CASP8,CDKN2A,0
CASP8,CHEK2,0
CASP8,DHFR,0
CASP8,EGFR,0
CASP8,ERBB2,0
CASP8,FGFR2,0
CASP8,FGFR3,0
CASP8,FLT3,0
CASP8,FNTA,0
CASP8,GATA3,0
CASP8,HDAC1,0
CASP8,HDAC2,0
CASP8,HDAC6,0
CASP8,HSP90AA1,0
CASP8,IGF1R,0
CASP8,JAK2,0
CASP8,KDM5C,0
CASP8,KDM6A,0
CASP8,KIT,0
CASP8,KMT2D,0
CASP8,MAP2K1,0
CASP8,MAP3K1,0
CASP8,MET,0
CASP8,MLH1,0
CASP8,MSH6,0
CASP8,NF1,0
CASP8,PARP1,0
CASP8,PBRM1,0
CASP8,PDGFRA,0
CASP8,PIK3CA,0
CASP8,PIK3R1,0
CASP8,PRKDC,0
CASP8,PTEN,0
CASP8,RB1,0
CASP8,ROR1,0
CASP8,RPS6KB1,0
CASP8,RRM2,0
CASP8,RUNX1,0
CASP8,SETD2,0
CASP8,SMAD4,0
CASP8,SMARCA4,0
CASP8,SMARCB1,0
CASP8,SMO,0
CASP8,SRC,0
CASP8,TOP1,0
CASP8,TP53,0
CASP8,TSC1,0
CASP8,TYMS,0
CASP8,VEGFA,0
CASP8,WEE1,0
CDH1,CDK4,0
CDH1,CDK6,0
CDH1,CDK9,0
CDH1,CDKN1B,0
CDH1,CDKN2A,0
CDH1,CHEK1,0
CDH1,CHEK2,0
CDH1,DHFR,0
CDH1,EGFR,0
CDH1,ERBB2,0
CDH1,FGFR2,0
CDH1,FGFR3,0
CDH1,FLT3,0
CDH1,FNTA,0
CDH1,GATA3,0
CDH1,HDAC1,0
CDH1,HDAC2,0
CDH1,HDAC6,0
CDH1,HSP90AA1,0
CDH1,IGF1R,0
CDH1,JAK2,0
CDH1,KDM5C,0
CDH1,KDM6A,0
CDH1,KIT,0
CDH1,KMT2D,0
CDH1,MAP2K1,0
CDH1,MAP3K1,0
CDH1,MET,0
CDH1,MLH1,0
CDH1,MSH6,0
CDH1,MTOR,0
CDH1,NF1,0
CDH1,PARP1,0
CDH1,PBRM1,0
CDH1,PDGFRA,0
CDH1,PIK3CA,0
CDH1,PIK3R1,0
CDH1,PRKDC,0
CDH1,PTEN,0
CDH1,RB1,0
CDH1,ROR1,0
CDH1,RPS6KB1,0
CDH1,RRM2,0
CDH1,RUNX1,0
CDH1,SETD2,0
CDH1,SMAD4,0
CDH1,SMARCA4,0
CDH1,SMARCB1,0
CDH1,SMO,0
CDH1,SRC,0
CDH1,TOP1,0
CDH1,TP53,0
CDH1,TSC1,0
CDH1,TYMS,0
CDH1,VEGFA,0
CDH1,VHL,0
CDH1,WEE1,0
CDK4,CDK6,0
CDK4,CDK9,0
CDK4,CDKN1B,0
CDK4,CDKN2A,0
CDK4,CHEK1,0
CDK4,DHFR,0
CDK4,EGFR,0
CDK4,FGFR2,0
CDK4,FGFR3,0
CDK4,FLT3,0
CDK4,FNTA,0
CDK4,GATA3,0
CDK4,HDAC2,0
CDK4,HDAC6,0
CDK4,HSP90AA1,0
CDK4,IGF1R,0
CDK4,JAK2,0
CDK4,KDM5C,0
CDK4,KDM6A,0
CDK4,KIT,0
CDK4,KMT2D,0
CDK4,MAP2K1,0
CDK4,MAP3K1,0
CDK4,MET,0
CDK4,MLH1,0
CDK4,MSH6,0
CDK4,MTOR,0
CDK4,NF1,0
CDK4,PARP1,0
CDK4,PBRM1,0
CDK4,PDGFRA,0
CDK4,PIK3CA,0
CDK4,PIK3R1,0
CDK4,RB1,0
CDK4,ROR1,0
CDK4,RPS6KB1,0
CDK4,RRM2,0
CDK4,RUNX1,0
CDK4,SETD2,0
CDK4,SMAD4,0
CDK4,SMARCA4,0
CDK4,SMARCB1,0
CDK4,SMO,0
CDK4,SRC,0
CDK4,TP53,0
CDK4,TSC1,0
CDK4,TYMS,0
CDK4,VEGFA,0
CDK4,WEE1,0
CDK6,CDK9,0
CDK6,CDKN1B,0
CDK6,CDKN2A,0
CDK6,CHEK1,0
CDK6,CHEK2,0
CDK6,DHFR,0
CDK6,EGFR,0
CDK6,ERBB2,0
CDK6,FGFR2,0
CDK6,FLT3,0
CDK6,FNTA,0
CDK6,GATA3,0
CDK6,HDAC1,0
CDK6,HDAC2,0
CDK6,HDAC6,0
CDK6,HSP90AA1,0
CDK6,IGF1R,0
CDK6,JAK2,0
CDK6,KDM5C,0
CDK6,KDM6A,0
CDK6,KIT,0
CDK6,KMT2D,0
CDK6,MAP2K1,0
CDK6,MAP3K1,0
CDK6,MET,0
CDK6,MLH1,0
CDK6,MSH6,0
CDK6,MTOR,0
CDK6,NF1,0
CDK6,PARP1,0
CDK6,PBRM1,0
CDK6,PDGFRA,0
CDK6,PIK3CA,0
CDK6,PIK3R1,0
CDK6,PRKDC,0
CDK6,PTEN,0
CDK6,RB1,0
CDK6,ROR1,0
CDK6,RPS6KB1,0
CDK6,RRM2,0
CDK6,RUNX1,0
CDK6,SETD2,0
CDK6,SMAD4,0
CDK6,SMARCA4,0
CDK6,SMARCB1,0
CDK6,SMO,0
CDK6,SRC,0
CDK6,TOP1,0
CDK6,TP53,0
CDK6,TSC1,0
CDK6,TYMS,0
CDK6,VEGFA,0
CDK6,WEE1,0
CDK9,CDKN1B,0
CDK9,CDKN2A,0
CDK9,CHEK2,0
CDK9,DHFR,0
CDK9,EGFR,0
CDK9,ERBB2,0
CDK9,FGFR2,0
CDK9,FGFR3,0
CDK9,FLT3,0
CDK9,FNTA,0
CDK9,GATA3,0
CDK9,HDAC1,0
CDK9,HDAC2,0
CDK9,HDAC6,0
CDK9,HSP90AA1,0
CDK9,IGF1R,0
CDK9,JAK2,0
CDK9,KDM5C,0
CDK9,KDM6A,0
CDK9,KIT,0
CDK9,KMT2D,0
CDK9,MAP2K1,0
CDK9,MAP3K1,0
CDK9,MET,0
CDK9,MLH1,0
CDK9,MSH6,0
CDK9,MTOR,0
CDK9,NF1,0
CDK9,PARP1,0
CDK9,PBRM1,0
CDK9,PIK3R1,0
CDK9,PTEN,0
CDK9,RB1,0
CDK9,RPS6KB1,0
CDK9,SETD2,0
CDK9,SMARCA4,0
CDK9,SMO,0
CDK9,SRC,0
CDK9,TOP1,0
CDK9,TP53,0
CDK9,TSC1,0
CDK9,TYMS,0
CDK9,VEGFA,0
CDK9,VHL,0
CDK9,WEE1,0
CDKN1B,CDKN2A,0
CDKN1B,CHEK1,0
CDKN1B,CHEK2,0
CDKN1B,DHFR,0
CDKN1B,EGFR,0
CDKN1B,ERBB2,0
CDKN1B,FGFR2,0
CDKN1B,FGFR3,0
CDKN1B,FLT3,0
CDKN1B,FNTA,0
CDKN1B,GATA3,0
CDKN1B,HDAC1,0
CDKN1B,HDAC2,0
CDKN1B,HDAC6,0
CDKN1B,HSP90AA1,0
CDKN1B,JAK2,0
CDKN1B,KDM5C,0
CDKN1B,KDM6A,0
CDKN1B,KIT,0
CDKN1B,KMT2D,0
CDKN1B,MAP2K1,0
CDKN1B,MAP3K1,0
CDKN1B,MET,0
CDKN1B,MLH1,0
CDKN1B,MSH6,0
CDKN1B,MTOR,0
CDKN1B,NF1,0
CDKN1B,PARP1,0
CDKN1B,PBRM1,0
CDKN1B,PDGFRA,0
CDKN1B,PIK3CA,0
CDKN1B,PIK3R1,0
CDKN1B,PRKDC,0
CDKN1B,PTEN,0
CDKN1B,RB1,0
CDKN1B,ROR1,0
CDKN1B,RPS6KB1,0
CDKN1B,RRM2,0
CDKN1B,RUNX1,0
CDKN1B,SETD2,0
CDKN1B,SMAD4,0
CDKN1B,SMARCA4,0
CDKN1B,SMARCB1,0
CDKN1B,SMO,0
CDKN1B,SRC,0
CDKN1B,TOP1,0
CDKN1B,TP53,0
CDKN1B,TSC1,0
CDKN1B,TYMS,0
CDKN1B,VEGFA,0
CDKN1B,WEE1,0
CDKN2A,CHEK1,0
CDKN2A,CHEK2,0
CDKN2A,DHFR,0
CDKN2A,EGFR,0
CDKN2A,ERBB2,0
CDKN2A,FGFR2,0
CDKN2A,FGFR3,0
CDKN2A,FLT3,0
CDKN2A,FNTA,0
CDKN2A,GATA3,0
CDKN2A,HDAC1,0
CDKN2A,HDAC2,0
CDKN2A,HDAC6,0
CDKN2A,HSP90AA1,0
CDKN2A,JAK2,0
CDKN2A,KDM5C,0
CDKN2A,KDM6A,0
CDKN2A,KIT,0
CDKN2A,KMT2D,0
CDKN2A,MAP2K1,0
CDKN2A,MAP3K1,0
CDKN2A,MET,0
CDKN2A,MLH1,0
CDKN2A,MSH6,0
CDKN2A,MTOR,0
CDKN2A,NF1,0
CDKN2A,PARP1,0
CDKN2A,PBRM1,0
CDKN2A,PDGFRA,0
CDKN2A,PIK3CA,0
CDKN2A,PIK3R1,0
CDKN2A,PRKDC,0
CDKN2A,RB1,0
CDKN2A,ROR1,0
CDKN2A,RPS6KB1,0
CDKN2A,RUNX1,0
CDKN2A,SETD2,0
CDKN2A,SMAD4,0
CDKN2A,SMARCA4,0
CDKN2A,SMARCB1,0
CDKN2A,SMO,0
CDKN2A,SRC,0
CDKN2A,TOP1,0
CDKN2A,TP53,0
CDKN2A,TSC1,0
CDKN2A,TYMS,0
CDKN2A,VEGFA,0
CDKN2A,VHL,0
CDKN2A,WEE1,0
CHEK1,CHEK2,0
CHEK1,DHFR,0
CHEK1,EGFR,0
CHEK1,ERBB2,0
CHEK1,FGFR2,0
CHEK1,FGFR3,0
CHEK1,FLT3,0
CHEK1,FNTA,0
CHEK1,GATA3,0
CHEK1,HDAC1,0
CHEK1,HDAC2,0
CHEK1,HDAC6,0
CHEK1,HSP90AA1,0
CHEK1,JAK2,0
CHEK1,KDM5C,0
CHEK1,KDM6A,0
CHEK1,KIT,0
CHEK1,KMT2D,0
CHEK1,MAP3K1,0
CHEK1,MLH1,0
CHEK1,MSH6,0
CHEK1,NF1,0
CHEK1,PBRM1,0
CHEK1,PDGFRA,0
CHEK1,PIK3R1,0
CHEK1,RB1,0
CHEK1,ROR1,0
CHEK1,RPS6KB1,0
CHEK1,RRM2,0
CHEK1,RUNX1,0
CHEK1,SETD2,0
CHEK1,SMAD4,0
CHEK1,SMARCB1,0
CHEK1,TOP1,0
CHEK1,TP53,0
CHEK1,TSC1,0
CHEK1,WEE1,0
CHEK2,DHFR,0
CHEK2,EGFR,0
CHEK2,FGFR2,0
CHEK2,FGFR3,0
CHEK2,FLT3,0
CHEK2,FNTA,0
CHEK2,GATA3,0
CHEK2,HDAC1,0
CHEK2,HDAC2,0
CHEK2,HDAC6,0
CHEK2,HSP90AA1,0
CHEK2,IGF1R,0
CHEK2,JAK2,0
CHEK2,KDM5C,0
CHEK2,KDM6A,0
CHEK2,KIT,0
CHEK2,MAP2K1,0
CHEK2,MAP3K1,0
CHEK2,MET,0
CHEK2,MLH1,0
CHEK2,MSH6,0
CHEK2,MTOR,0
CHEK2,NF1,0
CHEK2,PARP1,0
CHEK2,PBRM1,0
CHEK2,PDGFRA,0
CHEK2,PIK3CA,0
CHEK2,PIK3R1,0
CHEK2,PRKDC,0
CHEK2,PTEN,0
CHEK2,RB1,0
CHEK2,ROR1,0
CHEK2,RPS6KB1,0
CHEK2,RRM2,0
CHEK2,RUNX1,0
CHEK2,SETD2,0
CHEK2,SMAD4,0
CHEK2,SMARCA4,0
CHEK2,SMARCB1,0
CHEK2,SMO,0
CHEK2,SRC,0
CHEK2,TOP1,0
CHEK2,TP53,0
CHEK2,TSC1,0
CHEK2,TYMS,0
CHEK2,VEGFA,0
CHEK2,VHL,0
CHEK2,WEE1,0
DHFR,EGFR,0
DHFR,ERBB2,0
DHFR,FGFR2,0
DHFR,FGFR3,0
DHFR,FLT3,0
DHFR,FNTA,0
DHFR,GATA3,0
DHFR,HDAC1,0
DHFR,HDAC2,0
DHFR,HDAC6,0
DHFR,HSP90AA1,0
DHFR,IGF1R,0
DHFR,JAK2,0
DHFR,KDM5C,0
DHFR,KDM6A,0
DHFR,KIT,0
DHFR,KMT2D,0
DHFR,MAP2K1,0
DHFR,MAP3K1,0
DHFR,MET,0
DHFR,MLH1,0
DHFR,MSH6,0
DHFR,MTOR,0
DHFR,NF1,0
DHFR,PARP1,0
DHFR,PBRM1,0
DHFR,PDGFRA,0
DHFR,PIK3CA,0
DHFR,PIK3R1,0
DHFR,PRKDC,0
DHFR,PTEN,0
DHFR,RB1,0
DHFR,ROR1,0
DHFR,RPS6KB1,0
DHFR,RRM2,0
DHFR,RUNX1,0
DHFR,SETD2,0
DHFR,SMAD4,0
DHFR,SMARCA4,0
DHFR,SMARCB1,0
DHFR,SMO,0
DHFR,SRC,0
DHFR,TOP1,0
DHFR,TP53,0
DHFR,TSC1,0
DHFR,TYMS,0
DHFR,VEGFA,0
DHFR,VHL,0
DHFR,WEE1,0
EGFR,ERBB2,0
EGFR,FGFR2,0
EGFR,FGFR3,0
EGFR,FLT3,0
EGFR,FNTA,0
EGFR,GATA3,0
EGFR,HDAC1,0
EGFR,HDAC2,0
EGFR,HDAC6,0
EGFR,HSP90AA1,0
EGFR,IGF1R,0
EGFR,JAK2,0
EGFR,KDM5C,0
EGFR,KDM6A,0
EGFR,KIT,0
EGFR,KMT2D,0
EGFR,MAP2K1,0
EGFR,MAP3K1,0
EGFR,MET,0
EGFR,MLH1,0
EGFR,MSH6,0
EGFR,MTOR,0
EGFR,NF1,0
EGFR,PARP1,0
EGFR,PBRM1,0
EGFR,PDGFRA,0
EGFR,PIK3CA,0
EGFR,PIK3R1,0
EGFR,PRKDC,0
EGFR,PTEN,0
EGFR,RB1,0
EGFR,ROR1,0
EGFR,RPS6KB1,0
EGFR,RRM2,0
EGFR,RUNX1,0
EGFR,SETD2,0
EGFR,SMAD4,0
EGFR,SMARCA4,0
EGFR,SMARCB1,0
EGFR,SMO,0
EGFR,SRC,0
EGFR,TOP1,0
EGFR,TP53,0
EGFR,TSC1,0
EGFR,TYMS,0
EGFR,VEGFA,0
EGFR,VHL,0
EGFR,WEE1,0
ERBB2,FGFR2,0
ERBB2,FGFR3,0
ERBB2,FLT3,0
ERBB2,FNTA,0
ERBB2,GATA3,0
ERBB2,HDAC1,0
ERBB2,HDAC2,0
ERBB2,HDAC6,0
ERBB2,HSP90AA1,0
ERBB2,IGF1R,0
ERBB2,JAK2,0
ERBB2,KDM5C,0
ERBB2,KDM6A,0
ERBB2,KIT,0
ERBB2,KMT2D,0
ERBB2,MAP2K1,0
ERBB2,MAP3K1,0
ERBB2,MET,0
ERBB2,MLH1,0
ERBB2,MSH6,0
ERBB2,MTOR,0
ERBB2,NF1,0
ERBB2,PARP1,0
ERBB2,PBRM1,0
ERBB2,PDGFRA,0
ERBB2,PIK3CA,0
ERBB2,PIK3R1,0
ERBB2,PRKDC,0
ERBB2,PTEN,0
ERBB2,RB1,0
ERBB2,ROR1,0
ERBB2,RPS6KB1,0
ERBB2,RUNX1,0
ERBB2,SETD2,0
ERBB2,SMAD4,0
ERBB2,SMARCA4,0
ERBB2,SMARCB1,0
ERBB2,SMO,0
ERBB2,TP53,0
ERBB2,TSC1,0
ERBB2,TYMS,0
ERBB2,VEGFA,0
ERBB2,VHL,0
ERBB2,WEE1,0
FGFR2,FGFR3,0
FGFR2,FLT3,0
FGFR2,FNTA,0
FGFR2,GATA3,0
FGFR2,HDAC1,0
FGFR2,HDAC2,0
FGFR2,HDAC6,0
FGFR2,HSP90AA1,0
FGFR2,IGF1R,0
FGFR2,JAK2,0
FGFR2,KDM5C,0
FGFR2,KDM6A,0
FGFR2,KIT,0
FGFR2,KMT2D,0
FGFR2,MAP2K1,0
FGFR2,MET,0
FGFR2,MLH1,0
FGFR2,MSH6,0
FGFR2,MTOR,0
FGFR2,NF1,0
FGFR2,PARP1,0
FGFR2,PBRM1,0
FGFR2,PDGFRA,0
FGFR2,PIK3CA,0
FGFR2,PIK3R1,0
FGFR2,PRKDC,0
FGFR2,PTEN,0
FGFR2,RB1,0
FGFR2,ROR1,0
FGFR2,RPS6KB1,0
FGFR2,RRM2,0
FGFR2,RUNX1,0
FGFR2,SETD2,0
FGFR2,SMAD4,0
FGFR2,SMARCA4,0
FGFR2,SMARCB1,0
FGFR2,SMO,0
FGFR2,SRC,0
FGFR2,TOP1,0
FGFR2,TP53,0
FGFR2,TSC1,0
FGFR2,TYMS,0
FGFR2,VEGFA,0
FGFR2,VHL,0
FGFR2,WEE1,0
FGFR3,FLT3,0
FGFR3,GATA3,0
FGFR3,HDAC1,0
FGFR3,HDAC2,0
FGFR3,HDAC6,0
FGFR3,HSP90AA1,0
FGFR3,IGF1R,0
FGFR3,JAK2,0
FGFR3,KDM5C,0
FGFR3,KDM6A,0
FGFR3,KIT,0
FGFR3,KMT2D,0
FGFR3,MAP2K1,0
FGFR3,MAP3K1,0
FGFR3,MET,0
FGFR3,MLH1,0
FGFR3,MSH6,0
FGFR3,MTOR,0
FGFR3,NF1,0
FGFR3,PARP1,0
FGFR3,PBRM1,0
FGFR3,PDGFRA,0
FGFR3,PIK3CA,0
FGFR3,PIK3R1,0
FGFR3,PRKDC,0
FGFR3,PTEN,0
FGFR3,RB1,0
FGFR3,ROR1,0
FGFR3,RPS6KB1,0
FGFR3,RRM2,0
FGFR3,RUNX1,0
FGFR3,SETD2,0
FGFR3,SMAD4,0
FGFR3,SMARCA4,0
FGFR3,SMARCB1,0
FGFR3,SMO,0
FGFR3,SRC,0
FGFR3,TOP1,0
FGFR3,TP53,0
FGFR3,TSC1,0
FGFR3,TYMS,0
FGFR3,VEGFA,0
FGFR3,WEE1,0
FLT3,FNTA,0
FLT3,GATA3,0
FLT3,HDAC1,0
FLT3,HDAC2,0
FLT3,HDAC6,0
FLT3,HSP90AA1,0
FLT3,IGF1R,0
FLT3,JAK2,0
FLT3,KDM5C,0
FLT3,KDM6A,0
FLT3,KIT,0
FLT3,KMT2D,0
FLT3,MAP2K1,0
FLT3,MAP3K1,0
FLT3,MET,0
FLT3,MLH1,0
FLT3,MSH6,0
FLT3,MTOR,0
FLT3,NF1,0
FLT3,PARP1,0
FLT3,PBRM1,0
FLT3,PDGFRA,0
FLT3,PIK3CA,0
FLT3,PIK3R1,0
FLT3,PRKDC,0
FLT3,PTEN,0
FLT3,RB1,0
FLT3,ROR1,0
FLT3,RPS6KB1,0
FLT3,RRM2,0
FLT3,RUNX1,0
FLT3,SETD2,0
FLT3,SMAD4,0
FLT3,SMARCA4,0
FLT3,SMARCB1,0
FLT3,SMO,0
FLT3,SRC,0
FLT3,TOP1,0
FLT3,TP53,0
FLT3,TSC1,0
FLT3,TYMS,0
FLT3,VEGFA,0
FLT3,WEE1,0
FNTA,GATA3,0
FNTA,HDAC1,0
FNTA,HDAC2,0
FNTA,HDAC6,0
FNTA,HSP90AA1,0
FNTA,IGF1R,0
FNTA,JAK2,0
FNTA,KDM5C,0
FNTA,KIT,0
FNTA,KMT2D,0
FNTA,MAP2K1,0
FNTA,MAP3K1,0
FNTA,MET,0
FNTA,MLH1,0
FNTA,MSH6,0
FNTA,MTOR,0
FNTA,NF1,0
FNTA,PARP1,0
FNTA,PBRM1,0
FNTA,PDGFRA,0
FNTA,PIK3CA,0
FNTA,PIK3R1,0
FNTA,PRKDC,0
FNTA,PTEN,0
FNTA,RB1,0
FNTA,ROR1,0
FNTA,RPS6KB1,0
FNTA,RRM2,0
FNTA,RUNX1,0
FNTA,SETD2,0
FNTA,SMAD4,0
FNTA,SMARCA4,0
FNTA,SMARCB1,0
FNTA,SMO,0
FNTA,SRC,0
FNTA,TP53,0
FNTA,TSC1,0
FNTA,TYMS,0
FNTA,VEGFA,0
FNTA,VHL,0
FNTA,WEE1,0
GATA3,HDAC1,0
GATA3,HDAC2,0
GATA3,HDAC6,0
GATA3,HSP90AA1,0
GATA3,IGF1R,0
GATA3,JAK2,0
GATA3,KDM5C,0
GATA3,KDM6A,0
GATA3,KIT,0
GATA3,KMT2D,0
GATA3,MAP2K1,0
GATA3,MAP3K1,0
GATA3,MET,0
GATA3,MLH1,0
GATA3,MSH6,0
GATA3,MTOR,0
GATA3,NF1,0
GATA3,PARP1,0
GATA3,PBRM1,0
GATA3,PDGFRA,0
GATA3,PIK3CA,0
GATA3,PIK3R1,0
GATA3,PRKDC,0
GATA3,PTEN,0
GATA3,RB1,0
GATA3,ROR1,0
GATA3,RPS6KB1,0
GATA3,RRM2,0
GATA3,RUNX1,0
GATA3,SETD2,0
GATA3,SMAD4,0
GATA3,SMARCA4,0
GATA3,SMARCB1,0
GATA3,SMO,0
GATA3,SRC,0
GATA3,TOP1,0
GATA3,TP53,0
GATA3,TSC1,0
GATA3,TYMS,0
GATA3,VEGFA,0
GATA3,VHL,0
HDAC1,HDAC2,0
HDAC1,HDAC6,0
HDAC1,HSP90AA1,0
HDAC1,IGF1R,0
HDAC1,JAK2,0
HDAC1,KDM5C,0
HDAC1,KDM6A,0
HDAC1,KIT,0
HDAC1,KMT2D,0
HDAC1,MAP2K1,0
HDAC1,MAP3K1,0
HDAC1,MET,0
HDAC1,MLH1,0
HDAC1,MSH6,0
HDAC1,MTOR,0
HDAC1,NF1,0
HDAC1,PARP1,0
HDAC1,PBRM1,0
HDAC1,PDGFRA,0
HDAC1,PIK3CA,0
HDAC1,PIK3R1,0
HDAC1,PRKDC,0
HDAC1,PTEN,0
HDAC1,RB1,0
HDAC1,ROR1,0
HDAC1,RPS6KB1,0
HDAC1,RRM2,0
HDAC1,RUNX1,0
HDAC1,SETD2,0
HDAC1,SMAD4,0
HDAC1,SMARCA4,0
HDAC1,SMARCB1,0
HDAC1,SMO,0
HDAC1,SRC,0
HDAC1,TOP1,0
HDAC1,TP53,0
HDAC1,TSC1,0
HDAC1,TYMS,0
HDAC1,VEGFA,0
HDAC1,VHL,0
HDAC1,WEE1,0
HDAC2,HDAC6,0
HDAC2,HSP90AA1,0
HDAC2,IGF1R,0
HDAC2,JAK2,0
HDAC2,KDM5C,0
HDAC2,KDM6A,0
HDAC2,KIT,0
HDAC2,KMT2D,0
HDAC2,MAP3K1,0
HDAC2,MET,0
HDAC2,MLH1,0
HDAC2,MSH6,0
HDAC2,MTOR,0
HDAC2,NF1,0
HDAC2,PARP1,0
HDAC2,PBRM1,0
HDAC2,PDGFRA,0
HDAC2,PIK3CA,0
HDAC2,PIK3R1,0
HDAC2,PRKDC,0
HDAC2,PTEN,0
HDAC2,RB1,0
HDAC2,ROR1,0
HDAC2,RPS6KB1,0
HDAC2,RRM2,0
HDAC2,RUNX1,0
HDAC2,SETD2,0
HDAC2,SMAD4,0
HDAC2,SMARCB1,0
HDAC2,SMO,0
HDAC2,SRC,0
HDAC2,TOP1,0
HDAC2,TP53,0
HDAC2,TSC1,0
HDAC2,TYMS,0
HDAC2,VEGFA,0
HDAC2,WEE1,0
HDAC6,HSP90AA1,0
HDAC6,JAK2,0
HDAC6,KDM6A,0
HDAC6,KIT,0
HDAC6,KMT2D,0
HDAC6,MAP2K1,0
HDAC6,MAP3K1,0
HDAC6,MET,0
HDAC6,MLH1,0
HDAC6,MSH6,0
HDAC6,MTOR,0
HDAC6,NF1,0
HDAC6,PARP1,0
HDAC6,PDGFRA,0
HDAC6,PIK3R1,0
HDAC6,PRKDC,0
HDAC6,PTEN,0
HDAC6,RB1,0
HDAC6,ROR1,0
HDAC6,RPS6KB1,0
HDAC6,RRM2,0
HDAC6,RUNX1,0
HDAC6,SETD2,0
HDAC6,SMAD4,0
HDAC6,SMARCA4,0
HDAC6,SMARCB1,0
HDAC6,SMO,0
HDAC6,SRC,0
HDAC6,TOP1,0
HDAC6,TP53,0
HDAC6,TSC1,0
HDAC6,TYMS,0
HDAC6,VEGFA,0
HDAC6,VHL,0
HDAC6,WEE1,0
HSP90AA1,IGF1R,0
HSP90AA1,JAK2,0
HSP90AA1,KDM5C,0
HSP90AA1,KDM6A,0
HSP90AA1,KIT,0
HSP90AA1,KMT2D,0
HSP90AA1,MAP2K1,0
HSP90AA1,MAP3K1,0
HSP90AA1,MET,0
HSP90AA1,MLH1,0
HSP90AA1,MSH6,0
HSP90AA1,MTOR,0
HSP90AA1,NF1,0
HSP90AA1,PARP1,0
HSP90AA1,PBRM1,0
HSP90AA1,PDGFRA,0
HSP90AA1,PIK3CA,0
HSP90AA1,PIK3R1,0
HSP90AA1,PRKDC,0
HSP90AA1,RB1,0
HSP90AA1,ROR1,0
HSP90AA1,RPS6KB1,0
HSP90AA1,RRM2,0
HSP90AA1,RUNX1,0
HSP90AA1,SETD2,0
HSP90AA1,SMAD4,0
HSP90AA1,SMARCA4,0
HSP90AA1,SMARCB1,0
HSP90AA1,SMO,0
HSP90AA1,SRC,0
HSP90AA1,TOP1,0
HSP90AA1,TP53,0
HSP90AA1,TSC1,0
HSP90AA1,TYMS,0
HSP90AA1,VEGFA,0
IGF1R,JAK2,0
IGF1R,KDM5C,0
IGF1R,KDM6A,0
IGF1R,KIT,0
IGF1R,KMT2D,0
IGF1R,MAP2K1,0
IGF1R,MAP3K1,0
IGF1R,MET,0
IGF1R,MLH1,0
IGF1R,MSH6,0
IGF1R,NF1,0
IGF1R,PARP1,0
IGF1R,PBRM1,0
IGF1R,PDGFRA,0
IGF1R,PIK3CA,0
IGF1R,PIK3R1,0
IGF1R,PTEN,0
IGF1R,RB1,0
IGF1R,ROR1,0
IGF1R,RPS6KB1,0
IGF1R,RRM2,0
IGF1R,RUNX1,0
IGF1R,SETD2,0
IGF1R,SMAD4,0
IGF1R,SMARCA4,0
IGF1R,SMARCB1,0
IGF1R,SMO,0
IGF1R,SRC,0
IGF1R,TOP1,0
IGF1R,TP53,0
IGF1R,TSC1,0
IGF1R,TYMS,0
IGF1R,VEGFA,0
IGF1R,VHL,0
IGF1R,WEE1,0
JAK2,KDM5C,0
JAK2,KDM6A,0
JAK2,KIT,0
JAK2,KMT2D,0
JAK2,MAP2K1,0
JAK2,MAP3K1,0
JAK2,MET,0
JAK2,MLH1,0
JAK2,MSH6,0
JAK2,MTOR,0
JAK2,NF1,0
JAK2,PARP1,0
JAK2,PBRM1,0
JAK2,PDGFRA,0
JAK2,PIK3CA,0
JAK2,PRKDC,0
JAK2,PTEN,0
JAK2,RB1,0
JAK2,ROR1,0
JAK2,RPS6KB1,0
JAK2,RRM2,0
JAK2,RUNX1,0
JAK2,SETD2,0
JAK2,SMAD4,0
JAK2,SMARCA4,0
JAK2,SMARCB1,0
JAK2,SMO,0
JAK2,SRC,0
JAK2,TOP1,0
JAK2,TP53,0
JAK2,TSC1,0
JAK2,TYMS,0
JAK2,VEGFA,0
JAK2,VHL,0
JAK2,WEE1,0
KDM5C,KDM6A,0
KDM5C,KIT,0
KDM5C,KMT2D,0
KDM5C,MAP2K1,0
KDM5C,MET,0
KDM5C,MLH1,0
KDM5C,MSH6,0
KDM5C,NF1,0
KDM5C,PARP1,0
KDM5C,PBRM1,0
KDM5C,PDGFRA,0
KDM5C,PIK3CA,0
KDM5C,PIK3R1,0
KDM5C,PRKDC,0
KDM5C,PTEN,0
KDM5C,RB1,0
KDM5C,ROR1,0
KDM5C,RPS6KB1,0
KDM5C,RRM2,0
KDM5C,RUNX1,0
KDM5C,SETD2,0
KDM5C,SMAD4,0
KDM5C,SMARCA4,0
KDM5C,SMARCB1,0
KDM5C,SMO,0
KDM5C,SRC,0
KDM5C,TOP1,0
KDM5C,TP53,0
KDM5C,TYMS,0
KDM5C,VEGFA,0
KDM6A,KIT,0
KDM6A,KMT2D,0
KDM6A,MAP2K1,0
KDM6A,MAP3K1,0
KDM6A,MET,0
KDM6A,MLH1,0
KDM6A,MTOR,0
KDM6A,NF1,0
KDM6A,PARP1,0
KDM6A,PBRM1,0
KDM6A,PDGFRA,0
KDM6A,PIK3CA,0
KDM6A,PIK3R1,0
KDM6A,PRKDC,0
KDM6A,RB1,0
KDM6A,ROR1,0
KDM6A,RPS6KB1,0
KDM6A,RRM2,0
KDM6A,RUNX1,0
KDM6A,SETD2,0
KDM6A,SMAD4,0
KDM6A,SMARCA4,0
KDM6A,SMARCB1,0
KDM6A,SMO,0
KDM6A,SRC,0
KDM6A,TOP1,0
KDM6A,TP53,0
KDM6A,TSC1,0
KDM6A,TYMS,0
KDM6A,VEGFA,0
KDM6A,VHL,0
KDM6A,WEE1,0
KIT,KMT2D,0
KIT,MAP2K1,0
KIT,MAP3K1,0
KIT,MET,0
KIT,MLH1,0
KIT,MSH6,0
KIT,MTOR,0
KIT,NF1,0
KIT,PARP1,0
KIT,PBRM1,0
KIT,PDGFRA,0
KIT,PIK3CA,0
KIT,PIK3R1,0
KIT,PRKDC,0
KIT,PTEN,0
KIT,RB1,0
KIT,ROR1,0
KIT,RRM2,0
KIT,RUNX1,0
KIT,SETD2,0
KIT,SMAD4,0
KIT,SMARCA4,0
KIT,SMARCB1,0
KIT,SRC,0
KIT,TOP1,0
KIT,TSC1,0
KIT,TYMS,0
KIT,VEGFA,0
KIT,VHL,0
KIT,WEE1,0
KMT2D,MAP2K1,0
KMT2D,MAP3K1,0
KMT2D,MET,0
KMT2D,MLH1,0
KMT2D,MSH6,0
KMT2D,MTOR,0
KMT2D,NF1,0
KMT2D,PARP1,0
KMT2D,PBRM1,0
KMT2D,PDGFRA,0
KMT2D,PIK3CA,0
KMT2D,PIK3R1,0
KMT2D,PRKDC,0
KMT2D,PTEN,0
KMT2D,RB1,0
KMT2D,ROR1,0
KMT2D,RPS6KB1,0
KMT2D,RRM2,0
KMT2D,RUNX1,0
KMT2D,SETD2,0
KMT2D,SMAD4,0
KMT2D,SMARCA4,0
KMT2D,SMARCB1,0
KMT2D,SMO,0
KMT2D,SRC,0
KMT2D,TOP1,0
KMT2D,TP53,0
KMT2D,TSC1,0
KMT2D,TYMS,0
KMT2D,VEGFA,0
KMT2D,VHL,0
KMT2D,WEE1,0
MAP2K1,MAP3K1,0
MAP2K1,MET,0
MAP2K1,MLH1,0
MAP2K1,MSH6,0
MAP2K1,MTOR,0
MAP2K1,NF1,0
MAP2K1,PARP1,0
MAP2K1,PBRM1,0
MAP2K1,PDGFRA,0
MAP2K1,PIK3CA,0
MAP2K1,PIK3R1,0
MAP2K1,PRKDC,0
MAP2K1,PTEN,0
MAP2K1,RB1,0
MAP2K1,ROR1,0
MAP2K1,RPS6KB1,0
MAP2K1,RRM2,0
MAP2K1,RUNX1,0
MAP2K1,SETD2,0
MAP2K1,SMAD4,0
MAP2K1,SMARCA4,0
MAP2K1,SMARCB1,0
MAP2K1,SMO,0
MAP2K1,SRC,0
MAP2K1,TOP1,0
MAP2K1,TP53,0
MAP2K1,TSC1,0
MAP2K1,TYMS,0
MAP2K1,VEGFA,0
MAP2K1,WEE1,0
MAP3K1,MET,0
MAP3K1,MLH1,0
MAP3K1,MSH6,0
MAP3K1,MTOR,0
MAP3K1,NF1,0
MAP3K1,PARP1,0
MAP3K1,PBRM1,0
MAP3K1,PDGFRA,0
MAP3K1,PIK3CA,0
MAP3K1,PIK3R1,0
MAP3K1,PRKDC,0
MAP3K1,PTEN,0
MAP3K1,RB1,0
MAP3K1,ROR1,0
MAP3K1,RPS6KB1,0
MAP3K1,RRM2,0
MAP3K1,RUNX1,0
MAP3K1,SETD2,0
MAP3K1,SMAD4,0
MAP3K1,SMARCA4,0
MAP3K1,SMARCB1,0
MAP3K1,SMO,0
MAP3K1,SRC,0
MAP3K1,TOP1,0
MAP3K1,TP53,0
MAP3K1,TSC1,0
MAP3K1,TYMS,0
MAP3K1,VEGFA,0
MAP3K1,WEE1,0
MET,MLH1,0
MET,MSH6,0
MET,MTOR,0
MET,NF1,0
MET,PARP1,0
MET,PBRM1,0
MET,PDGFRA,0
MET,PIK3CA,0
MET,PIK3R1,0
MET,PRKDC,0
MET,RB1,0
MET,ROR1,0
MET,RPS6KB1,0
MET,RRM2,0
MET,RUNX1,0
MET,SETD2,0
MET,SMAD4,0
MET,SMARCA4,0
MET,SMARCB1,0
MET,SMO,0
MET,SRC,0
MET,TOP1,0
MET,TP53,0
MET,TSC1,0
MET,TYMS,0
MET,VEGFA,0
MET,VHL,0
MET,WEE1,0
MLH1,MSH6,0
MLH1,MTOR,0
MLH1,NF1,0
MLH1,PARP1,0
MLH1,PBRM1,0
MLH1,PDGFRA,0
MLH1,PIK3CA,0
MLH1,PIK3R1,0
MLH1,PRKDC,0
MLH1,PTEN,0
MLH1,RB1,0
MLH1,ROR1,0
MLH1,RPS6KB1,0
MLH1,RRM2,0
MLH1,RUNX1,0
MLH1,SETD2,0
MLH1,SMAD4,0
MLH1,SMARCA4,0
MLH1,SMARCB1,0
MLH1,SMO,0
MLH1,SRC,0
MLH1,TOP1,0
MLH1,TP53,0
MLH1,TSC1,0
MLH1,TYMS,0
MLH1,VEGFA,0
MLH1,VHL,0
MLH1,WEE1,0
MSH6,MTOR,0
MSH6,NF1,0
MSH6,PARP1,0
MSH6,PBRM1,0
MSH6,PDGFRA,0
MSH6,PIK3CA,0
MSH6,PIK3R1,0
MSH6,PRKDC,0
MSH6,PTEN,0
MSH6,RB1,0
MSH6,ROR1,0
MSH6,RPS6KB1,0
MSH6,RRM2,0
MSH6,RUNX1,0
MSH6,SETD2,0
MSH6,SMAD4,0
MSH6,SMARCA4,0
MSH6,SMARCB1,0
MSH6,SMO,0
MSH6,SRC,0
MSH6,TOP1,0
MSH6,TP53,0
MSH6,TSC1,0
MSH6,TYMS,0
MSH6,VEGFA,0
MSH6,VHL,0
MSH6,WEE1,0
MTOR,NF1,0
MTOR,PARP1,0
MTOR,PBRM1,0
MTOR,PIK3CA,0
MTOR,PIK3R1,0
MTOR,RB1,0
MTOR,ROR1,0
MTOR,RPS6KB1,0
MTOR,RRM2,0
MTOR,RUNX1,0
MTOR,SETD2,0
MTOR,SMARCA4,0
MTOR,SMARCB1,0
MTOR,SMO,0
MTOR,SRC,0
MTOR,TP53,0
MTOR,TSC1,0
MTOR,TYMS,0
MTOR,VEGFA,0
MTOR,VHL,0
MTOR,WEE1,0
NF1,PARP1,0
NF1,PBRM1,0
NF1,PDGFRA,0
NF1,PIK3CA,0
NF1,PIK3R1,0
NF1,PRKDC,0
NF1,RB1,0
NF1,ROR1,0
NF1,RPS6KB1,0
NF1,RRM2,0
NF1,RUNX1,0
NF1,SETD2,0
NF1,SMAD4,0
NF1,SMARCA4,0
NF1,SMARCB1,0
NF1,SMO,0
NF1,SRC,0
NF1,TOP1,0
NF1,TP53,0
NF1,TSC1,0
NF1,TYMS,0
NF1,VEGFA,0
NF1,VHL,0
NF1,WEE1,0
PARP1,PBRM1,0
PARP1,PDGFRA,0
PARP1,PIK3CA,0
PARP1,PIK3R1,0
PARP1,PRKDC,0
PARP1,PTEN,0
PARP1,RB1,0
PARP1,ROR1,0
PARP1,RPS6KB1,0
PARP1,RUNX1,0
PARP1,SETD2,0
PARP1,SMAD4,0
PARP1,SMARCA4,0
PARP1,SMARCB1,0
PARP1,SMO,0
PARP1,SRC,0
PARP1,TOP1,0
PARP1,TP53,0
PARP1,TSC1,0
PARP1,TYMS,0
PARP1,VEGFA,0
PARP1,VHL,0
PARP1,WEE1,0
PBRM1,PDGFRA,0
PBRM1,PIK3CA,0
PBRM1,PIK3R1,0
PBRM1,PRKDC,0
PBRM1,PTEN,0
PBRM1,RB1,0
PBRM1,ROR1,0
PBRM1,RPS6KB1,0
PBRM1,RRM2,0
PBRM1,RUNX1,0
PBRM1,SETD2,0
PBRM1,SMAD4,0
PBRM1,SMARCA4,0
PBRM1,SMARCB1,0
PBRM1,SMO,0
PBRM1,SRC,0
PBRM1,TP53,0
PBRM1,TSC1,0
PBRM1,TYMS,0
PBRM1,VEGFA,0
PBRM1,WEE1,0
PDGFRA,PIK3CA,0
PDGFRA,PIK3R1,0
PDGFRA,PRKDC,0
PDGFRA,PTEN,0
PDGFRA,RB1,0
PDGFRA,ROR1,0
PDGFRA,RPS6KB1,0
PDGFRA,RUNX1,0
PDGFRA,SETD2,0
PDGFRA,SMAD4,0
PDGFRA,SMARCA4,0
PDGFRA,SMARCB1,0
PDGFRA,SMO,0
PDGFRA,SRC,0
PDGFRA,TP53,0
PDGFRA,TSC1,0
PDGFRA,TYMS,0
PDGFRA,VEGFA,0
PDGFRA,WEE1,0
PIK3CA,PIK3R1,0
PIK3CA,PRKDC,0
PIK3CA,PTEN,0
PIK3CA,RB1,0
PIK3CA,ROR1,0
PIK3CA,RPS6KB1,0
PIK3CA,RUNX1,0
PIK3CA,SETD2,0
PIK3CA,SMAD4,0
PIK3CA,SMARCA4,0
PIK3CA,SMARCB1,0
PIK3CA,SMO,0
PIK3CA,SRC,0
PIK3CA,TOP1,0
PIK3CA,TP53,0
PIK3CA,TSC1,0
PIK3CA,TYMS,0
PIK3CA,VEGFA,0
PIK3CA,VHL,0
PIK3CA,WEE1,0
PIK3R1,PRKDC,0
PIK3R1,PTEN,0
PIK3R1,RB1,0
PIK3R1,ROR1,0
PIK3R1,RPS6KB1,0
PIK3R1,RRM2,0
PIK3R1,RUNX1,0
PIK3R1,SETD2,0
PIK3R1,SMAD4,0
PIK3R1,SMARCA4,0
PIK3R1,SMARCB1,0
PIK3R1,SMO,0
PIK3R1,SRC,0
PIK3R1,TOP1,0
PIK3R1,TP53,0
PIK3R1,TSC1,0
PIK3R1,TYMS,0
PIK3R1,VEGFA,0
PRKDC,PTEN,0
PRKDC,RB1,0
PRKDC,ROR1,0
PRKDC,RPS6KB1,0
PRKDC,RUNX1,0
PRKDC,SETD2,0
PRKDC,SMAD4,0
PRKDC,SMARCA4,0
PRKDC,SMARCB1,0
PRKDC,SMO,0
PRKDC,SRC,0
PRKDC,TOP1,0
PRKDC,TP53,0
PRKDC,TSC1,0
PRKDC,TYMS,0
PRKDC,VEGFA,0
PRKDC,WEE1,0
PTEN,RB1,0
PTEN,ROR1,0
PTEN,RPS6KB1,0
PTEN,RRM2,0
PTEN,RUNX1,0
PTEN,SETD2,0
PTEN,SMAD4,0
PTEN,SMARCA4,0
PTEN,SMARCB1,0
PTEN,SMO,0
PTEN,SRC,0
PTEN,TOP1,0
PTEN,TP53,0
PTEN,TSC1,0
PTEN,TYMS,0
PTEN,VEGFA,0
PTEN,WEE1,0
RB1,ROR1,0
RB1,RPS6KB1,0
RB1,RRM2,0
RB1,RUNX1,0
RB1,SETD2,0
RB1,SMAD4,0
RB1,SMARCA4,0
RB1,SMARCB1,0
RB1,SMO,0
RB1,SRC,0
RB1,TOP1,0
RB1,TP53,0
RB1,TSC1,0
RB1,TYMS,0
RB1,VEGFA,0
RB1,VHL,0
RB1,WEE1,0
ROR1,RPS6KB1,0
ROR1,RRM2,0
ROR1,RUNX1,0
ROR1,SETD2,0
ROR1,SMAD4,0
ROR1,SMARCA4,0
ROR1,SMO,0
ROR1,SRC,0
ROR1,TP53,0
ROR1,TSC1,0
ROR1,TYMS,0
ROR1,VEGFA,0
ROR1,WEE1,0
RPS6KB1,RUNX1,0
RPS6KB1,SETD2,0
RPS6KB1,SMAD4,0
RPS6KB1,SMARCA4,0
RPS6KB1,SMARCB1,0
RPS6KB1,SMO,0
RPS6KB1,SRC,0
RPS6KB1,TOP1,0
RPS6KB1,TP53,0
RPS6KB1,TSC1,0
RPS6KB1,TYMS,0
RPS6KB1,VEGFA,0
RPS6KB1,WEE1,0
RRM2,RUNX1,0
RRM2,SETD2,0
RRM2,SMAD4,0
RRM2,SMARCA4,0
RRM2,SMARCB1,0
RRM2,SMO,0
RRM2,SRC,0
RRM2,TOP1,0
RRM2,TP53,0
RRM2,TSC1,0
RRM2,TYMS,0
RRM2,VEGFA,0
RUNX1,SETD2,0
RUNX1,SMAD4,0
RUNX1,SMARCA4,0
RUNX1,SMARCB1,0
RUNX1,SMO,0
RUNX1,SRC,0
RUNX1,TOP1,0
RUNX1,TP53,0
RUNX1,TSC1,0
RUNX1,TYMS,0
RUNX1,VEGFA,0
RUNX1,VHL,0
RUNX1,WEE1,0
SETD2,SMAD4,0
SETD2,SMARCA4,0
SETD2,SMARCB1,0
SETD2,SMO,0
SETD2,SRC,0
SETD2,TOP1,0
SETD2,TP53,0
SETD2,TSC1,0
SETD2,TYMS,0
SETD2,VEGFA,0
SETD2,VHL,0
SETD2,WEE1,0
SMAD4,SMARCA4,0
SMAD4,SMARCB1,0
SMAD4,SMO,0
SMAD4,SRC,0
SMAD4,TOP1,0
SMAD4,TP53,0
SMAD4,TSC1,0
SMAD4,TYMS,0
SMAD4,VEGFA,0
SMAD4,VHL,0
SMARCA4,SMO,0
SMARCA4,SRC,0
SMARCA4,TOP1,0
SMARCA4,TP53,0
SMARCA4,TSC1,0
SMARCA4,TYMS,0
SMARCA4,VEGFA,0
SMARCA4,VHL,0
SMARCA4,WEE1,0
SMARCB1,SMO,0
SMARCB1,SRC,0
SMARCB1,TOP1,0
SMARCB1,TP53,0
SMARCB1,TSC1,0
SMARCB1,TYMS,0
SMARCB1,VEGFA,0
SMARCB1,WEE1,0
SMO,SRC,0
SMO,TOP1,0
SMO,TP53,0
SMO,TSC1,0
SMO,TYMS,0
SMO,VEGFA,0
SMO,VHL,0
SMO,WEE1,0
SRC,TOP1,0
SRC,TP53,0
SRC,TSC1,0
SRC,TYMS,0
SRC,VEGFA,0
SRC,VHL,0
SRC,WEE1,0
TOP1,TP53,0
TOP1,TYMS,0
TOP1,VEGFA,0
TOP1,VHL,0
TOP1,WEE1,0
TP53,TSC1,0
TP53,TYMS,0
TP53,VEGFA,0
TP53,VHL,0
TP53,WEE1,0
TSC1,TYMS,0
TSC1,VEGFA,0
TSC1,WEE1,0
TYMS,VEGFA,0
TYMS,VHL,0
TYMS,WEE1,0
VEGFA,WEE1,0
VHL,WEE1,0
